[
    {
        "id": "t001",
        "imageUrl": "img/phones/motorola-xoom-with-wi-fi.0.jpg", 
        "name": "Meet with Kevin",
        "time": "8:00AM",
        "label": "Work",
        "reminder": "15 min before",
        "calendar": "Yes",
        "smartDeviceEnabled": "No",
        "comments": "Meet with Kevin 1x1 to discuss UI/UX."
    },
    {
        "id": "t002",
        "imageUrl": "img/phones/motorola-xoom.0.jpg", 
        "name": "Fix Sink",
        "time": "8:15AM",
        "label": "Work",
        "reminder": "15 min before",
        "calendar": "Yes",
        "smartDeviceEnabled": "No",
        "comments": "Kitchen sink is broken, need to fix it."
    }, 
    {
        "id": "t003",
        "imageUrl": "img/phones/motorola-atrix-4g.0.jpg", 
        "name": "Turn off lights",
        "time": "8:45AM",
        "label": "Work",
        "reminder": "15 min before",
        "calendar": "Yes",
        "smartDeviceEnabled": "No",
        "comments": "Turn off lights at 8:30am."
    }, 
    {
        "id": "t004",
        "imageUrl": "img/phones/dell-streak-7.0.jpg", 
        "name": "Drop off mail.",
        "time": "9:00AM",
        "label": "Work",
        "time": "8:00AM",
        "reminder": "15 min before",
        "calendar": "Yes",
        "smartDeviceEnabled": "No",
        "comments": "Drop mail at post office."
    }, 
    {
        "id": "t005",
        "imageUrl": "img/phones/samsung-gem.0.jpg", 
        "name": "UX Design Meeting",
        "time": "10:00AM",
        "label": "Work",
        "reminder": "15 min before",
        "calendar": "Yes",
        "smartDeviceEnabled": "No",
        "comments": "UX Design Meeting"
    }, 
    {
        "id": "t006",
        "imageUrl": "img/phones/dell-venue.0.jpg", 
        "name": "Set temperature to 65 Degrees F.",
        "time": "1:00PM",
        "label": "Work",
        "reminder": "15 min before",
        "calendar": "Yes",
        "smartDeviceEnabled": "No",
        "comments": "Set temp to 65 to reduce energy while not at home."
    },
    {
        "id": "t007",
        "imageUrl": "img/phones/nexus-s.0.jpg", 
        "name": "Meet with Senthil for lunch",
        "time": "2:15PM",
        "label": "Work",
        "reminder": "15 min before",
        "calendar": "Yes",
        "smartDeviceEnabled": "No",
        "comments": "Senthil wanted to grab Panera Bread before 1pm call."
    }, 
    {
        "id": "t008",
        "imageUrl": "img/phones/lg-axis.0.jpg", 
        "name": "Wish Jake a Happy birthday.",
        "time": "4:30PM",
        "label": "Work",
        "reminder": "15 min before",
        "calendar": "Yes",
        "smartDeviceEnabled": "No",
        "comments": "...Because you are a great friend."
    }, 
    {
        "id": "t009",
        "imageUrl": "img/phones/samsung-galaxy-tab.0.jpg", 
        "name": "Pick up dry cleaning.",
        "time": "5:30PM",
        "label": "Work",
        "reminder": "15 min before",
        "calendar": "Yes",
        "smartDeviceEnabled": "No",
        "comments": "Dry cleaning will be ready at 2:45pm today."
    }
]
